{"version":1,"resource":"vscode-remote://13.203.167.46:8055/home/deb10/deb-common-apps/day3-deployments/deploy1.yaml","entries":[{"id":"wGLu.yaml","timestamp":1763531688771},{"id":"WRWN.yaml","timestamp":1763531726311},{"id":"TIE4.yaml","timestamp":1763531737791},{"id":"1NVu.yaml","timestamp":1763531756951},{"id":"uTMQ.yaml","timestamp":1763531799480},{"id":"fTaj.yaml","timestamp":1763535889163},{"id":"1zlp.yaml","timestamp":1763535900152},{"id":"82XP.yaml","timestamp":1763535911752},{"id":"wS1U.yaml","timestamp":1763535923862},{"id":"93UU.yaml","timestamp":1763536570928}]}