{"kind":"APIResourceList","apiVersion":"v1","groupVersion":"networking.k8s.aws/v1alpha1","resources":[{"name":"applicationnetworkpolicies","singularName":"applicationnetworkpolicy","namespaced":true,"group":"networking.k8s.aws","version":"v1alpha1","kind":"ApplicationNetworkPolicy","verbs":["delete","deletecollection","get","list","patch","create","update","watch"],"shortNames":["anp"]},{"name":"applicationnetworkpolicies/status","singularName":"applicationnetworkpolicy","namespaced":true,"group":"networking.k8s.aws","version":"v1alpha1","kind":"ApplicationNetworkPolicy","verbs":["get","patch","update"]},{"name":"clusternetworkpolicies","singularName":"clusternetworkpolicy","namespaced":false,"group":"networking.k8s.aws","version":"v1alpha1","kind":"ClusterNetworkPolicy","verbs":["delete","deletecollection","get","list","patch","create","update","watch"],"shortNames":["cnp"]},{"name":"clusternetworkpolicies/status","singularName":"clusternetworkpolicy","namespaced":false,"group":"networking.k8s.aws","version":"v1alpha1","kind":"ClusterNetworkPolicy","verbs":["get","patch","update"]},{"name":"clusterpolicyendpoints","singularName":"clusterpolicyendpoint","namespaced":false,"group":"networking.k8s.aws","version":"v1alpha1","kind":"ClusterPolicyEndpoint","verbs":["delete","deletecollection","get","list","patch","create","update","watch"],"shortNames":["cpe"]},{"name":"clusterpolicyendpoints/status","singularName":"clusterpolicyendpoint","namespaced":false,"group":"networking.k8s.aws","version":"v1alpha1","kind":"ClusterPolicyEndpoint","verbs":["get","patch","update"]},{"name":"policyendpoints","singularName":"policyendpoint","namespaced":true,"group":"networking.k8s.aws","version":"v1alpha1","kind":"PolicyEndpoint","verbs":["delete","deletecollection","get","list","patch","create","update","watch"]},{"name":"policyendpoints/status","singularName":"policyendpoint","namespaced":true,"group":"networking.k8s.aws","version":"v1alpha1","kind":"PolicyEndpoint","verbs":["get","patch","update"]}]}
