{"kind":"APIResourceList","apiVersion":"v1","groupVersion":"configuration.konghq.com/v1alpha1","resources":[{"name":"ingressclassparameterses","singularName":"ingressclassparameters","namespaced":true,"group":"configuration.konghq.com","version":"v1alpha1","kind":"IngressClassParameters","verbs":["delete","deletecollection","get","list","patch","create","update","watch"]},{"name":"kongcustomentities","singularName":"kongcustomentity","namespaced":true,"group":"configuration.konghq.com","version":"v1alpha1","kind":"KongCustomEntity","verbs":["delete","deletecollection","get","list","patch","create","update","watch"],"shortNames":["kce"],"categories":["kong-ingress-controller","kong"]},{"name":"kongcustomentities/status","singularName":"kongcustomentity","namespaced":true,"group":"configuration.konghq.com","version":"v1alpha1","kind":"KongCustomEntity","verbs":["get","patch","update"]},{"name":"konglicenses","singularName":"konglicense","namespaced":false,"group":"configuration.konghq.com","version":"v1alpha1","kind":"KongLicense","verbs":["delete","deletecollection","get","list","patch","create","update","watch"],"shortNames":["kl"],"categories":["kong-ingress-controller","kong"]},{"name":"konglicenses/status","singularName":"konglicense","namespaced":false,"group":"configuration.konghq.com","version":"v1alpha1","kind":"KongLicense","verbs":["get","patch","update"]},{"name":"kongvaults","singularName":"kongvault","namespaced":false,"group":"configuration.konghq.com","version":"v1alpha1","kind":"KongVault","verbs":["delete","deletecollection","get","list","patch","create","update","watch"],"shortNames":["kv"],"categories":["kong-ingress-controller","kong"]},{"name":"kongvaults/status","singularName":"kongvault","namespaced":false,"group":"configuration.konghq.com","version":"v1alpha1","kind":"KongVault","verbs":["get","patch","update"]}]}
