{"version":1,"resource":"vscode-remote://13.203.167.46:8055/home/deb10/deb-common-apps/kubernetes-workshop-cicd/k8s-manifests/ingress.yaml","entries":[{"id":"g8S5.yaml","timestamp":1763620772163},{"id":"5c1X.yaml","timestamp":1763620790082},{"id":"d0jG.yaml","timestamp":1763620817131},{"id":"JiVx.yaml","timestamp":1763620835311},{"id":"m6XI.yaml","source":"moved.source","sourceDescription":"~/deb-common-apps/kubernetes-workshop-cicd/.github/workflows/k8s-manifests/ingress.yaml","timestamp":1763620950310},{"id":"h8wy.yaml","source":"moved.source","sourceDescription":"~/deb-common-apps/kubernetes-workshop-cicd/k8s-manifests/ingress.yaml","timestamp":1763620966656},{"id":"3eKX.yaml","source":"moved.source","sourceDescription":"~/deb-common-apps/kubernetes-workshop-cicd/.github/workflows/k8s-manifests/ingress.yaml","timestamp":1763620981624},{"id":"fekC.yaml","timestamp":1763621056375},{"id":"TnN9.yaml","timestamp":1763621650429},{"id":"Eht0.yaml","timestamp":1763621750136}]}