{"kind":"APIResourceList","apiVersion":"v1","groupVersion":"admissionregistration.k8s.io/v1","resources":[{"name":"mutatingwebhookconfigurations","singularName":"mutatingwebhookconfiguration","namespaced":false,"kind":"MutatingWebhookConfiguration","verbs":["create","delete","deletecollection","get","list","patch","update","watch"],"categories":["api-extensions"]},{"name":"validatingadmissionpolicies","singularName":"validatingadmissionpolicy","namespaced":false,"kind":"ValidatingAdmissionPolicy","verbs":["create","delete","deletecollection","get","list","patch","update","watch"],"categories":["api-extensions"]},{"name":"validatingadmissionpolicies/status","singularName":"validatingadmissionpolicy","namespaced":false,"kind":"ValidatingAdmissionPolicy","verbs":["get","patch","update"]},{"name":"validatingadmissionpolicybindings","singularName":"validatingadmissionpolicybinding","namespaced":false,"kind":"ValidatingAdmissionPolicyBinding","verbs":["create","delete","deletecollection","get","list","patch","update","watch"],"categories":["api-extensions"]},{"name":"validatingwebhookconfigurations","singularName":"validatingwebhookconfiguration","namespaced":false,"kind":"ValidatingWebhookConfiguration","verbs":["create","delete","deletecollection","get","list","patch","update","watch"],"categories":["api-extensions"]}]}
