{"version":1,"resource":"vscode-remote://13.203.167.46:8055/home/deb10/deb-common-apps/kubernetes-workshop-cicd/.github/workflows/cicd.yml","entries":[{"id":"XVnm.yml","timestamp":1763616620237},{"id":"HIcF.yml","timestamp":1763616780282},{"id":"jdzj.yml","timestamp":1763617383206},{"id":"820n.yml","timestamp":1763617531842},{"id":"feBy.yml","timestamp":1763617576760},{"id":"eoQO.yml","source":"undoRedo.source","timestamp":1763617580360},{"id":"JBc1.yml","timestamp":1763617596370},{"id":"1Kb1.yml","timestamp":1763618456896},{"id":"o5yS.yml","timestamp":1763618668760}]}