{"kind":"APIResourceList","apiVersion":"v1","groupVersion":"networking.k8s.io/v1","resources":[{"name":"ingressclasses","singularName":"ingressclass","namespaced":false,"kind":"IngressClass","verbs":["create","delete","deletecollection","get","list","patch","update","watch"]},{"name":"ingresses","singularName":"ingress","namespaced":true,"kind":"Ingress","verbs":["create","delete","deletecollection","get","list","patch","update","watch"],"shortNames":["ing"]},{"name":"ingresses/status","singularName":"ingress","namespaced":true,"kind":"Ingress","verbs":["get","patch","update"]},{"name":"ipaddresses","singularName":"ipaddress","namespaced":false,"kind":"IPAddress","verbs":["create","delete","deletecollection","get","list","patch","update","watch"],"shortNames":["ip"]},{"name":"networkpolicies","singularName":"networkpolicy","namespaced":true,"kind":"NetworkPolicy","verbs":["create","delete","deletecollection","get","list","patch","update","watch"],"shortNames":["netpol"]},{"name":"servicecidrs","singularName":"servicecidr","namespaced":false,"kind":"ServiceCIDR","verbs":["create","delete","deletecollection","get","list","patch","update","watch"]},{"name":"servicecidrs/status","singularName":"servicecidr","namespaced":false,"kind":"ServiceCIDR","verbs":["get","patch","update"]}]}
