{"version":1,"resource":"vscode-remote://13.203.167.46:8055/home/deb10/deb-common-apps/day3-deployments/demo-pod.yaml","entries":[{"id":"xdS9.yaml","timestamp":1763529571925},{"id":"M8UL.yaml","timestamp":1763530754247},{"id":"h0QQ.yaml","timestamp":1763530793787},{"id":"OxR7.yaml","timestamp":1763530940896},{"id":"U0yX.yaml","timestamp":1763535031328},{"id":"fv2C.yaml","timestamp":1763535069738},{"id":"S3S2.yaml","timestamp":1763535081908},{"id":"rQVF.yaml","timestamp":1763535115698},{"id":"5R2T.yaml","timestamp":1763535203837},{"id":"90QM.yaml","timestamp":1763535274737},{"id":"IA4y.yaml","timestamp":1763551412117},{"id":"F1x6.yaml","timestamp":1763551440147},{"id":"uQma.yaml","timestamp":1763552686558},{"id":"9C2N.yaml","timestamp":1763552707888},{"id":"G3oC.yaml","timestamp":1763552872077},{"id":"uHXg.yaml","timestamp":1763552948917}]}