{"version":1,"resource":"vscode-remote://13.203.167.46:8055/home/deb10/deb-common-apps/debu-t2webapp/db-deploy.yaml","entries":[{"id":"oleT.yaml","source":"undoRedo.source","timestamp":1763447968081},{"id":"EyzZ.yaml","timestamp":1763448162362},{"id":"63Y7.yaml","timestamp":1763448195572},{"id":"EGUL.yaml","timestamp":1763448213562},{"id":"o1gz.yaml","timestamp":1763448232393},{"id":"xgbs.yaml","timestamp":1763448280223},{"id":"0YzO.yaml","timestamp":1763448298533},{"id":"Vl9V.yaml","timestamp":1763456673458},{"id":"6IQr.yaml","timestamp":1763456685978},{"id":"FUPW.yaml","timestamp":1763456732858},{"id":"FbDT.yaml","timestamp":1763456765658},{"id":"9YgY.yaml","timestamp":1763456800408},{"id":"Heub.yaml","timestamp":1763457436093},{"id":"4zAB.yaml","timestamp":1763457861375},{"id":"QD4N.yaml","timestamp":1763457930496},{"id":"iKCe.yaml","timestamp":1763458037246},{"id":"BnRp.yaml","timestamp":1763458062007}]}