{"version":1,"resource":"vscode-remote://13.203.167.46:8055/home/deb10/deb-common-apps/kubernetes-workshop-cicd/k8s-manifests/service.yaml","entries":[{"id":"HZ4P.yaml","timestamp":1763620422942},{"id":"3lAI.yaml","timestamp":1763620511370},{"id":"YinR.yaml","source":"undoRedo.source","timestamp":1763620544769},{"id":"8PeC.yaml","source":"moved.source","sourceDescription":"~/deb-common-apps/kubernetes-workshop-cicd/.github/workflows/k8s-manifests/service.yaml","timestamp":1763620950310},{"id":"XwJn.yaml","source":"moved.source","sourceDescription":"~/deb-common-apps/kubernetes-workshop-cicd/k8s-manifests/service.yaml","timestamp":1763620966656},{"id":"5gJw.yaml","source":"moved.source","sourceDescription":"~/deb-common-apps/kubernetes-workshop-cicd/.github/workflows/k8s-manifests/service.yaml","timestamp":1763620981624},{"id":"spCp.yaml","timestamp":1763621062995},{"id":"7NJW.yaml","timestamp":1763621372346},{"id":"buld.yaml","timestamp":1763621565161}]}