{"kind":"APIResourceList","apiVersion":"v1","groupVersion":"configuration.konghq.com/v1beta1","resources":[{"name":"kongconsumergroups","singularName":"kongconsumergroup","namespaced":true,"group":"configuration.konghq.com","version":"v1beta1","kind":"KongConsumerGroup","verbs":["delete","deletecollection","get","list","patch","create","update","watch"],"shortNames":["kcg"],"categories":["kong-ingress-controller","kong"]},{"name":"kongconsumergroups/status","singularName":"kongconsumergroup","namespaced":true,"group":"configuration.konghq.com","version":"v1beta1","kind":"KongConsumerGroup","verbs":["get","patch","update"]},{"name":"kongupstreampolicies","singularName":"kongupstreampolicy","namespaced":true,"group":"configuration.konghq.com","version":"v1beta1","kind":"KongUpstreamPolicy","verbs":["delete","deletecollection","get","list","patch","create","update","watch"],"shortNames":["kup"],"categories":["kong-ingress-controller","kong"]},{"name":"kongupstreampolicies/status","singularName":"kongupstreampolicy","namespaced":true,"group":"configuration.konghq.com","version":"v1beta1","kind":"KongUpstreamPolicy","verbs":["get","patch","update"]},{"name":"tcpingresses","singularName":"tcpingress","namespaced":true,"group":"configuration.konghq.com","version":"v1beta1","kind":"TCPIngress","verbs":["delete","deletecollection","get","list","patch","create","update","watch"],"categories":["kong-ingress-controller","kong"]},{"name":"tcpingresses/status","singularName":"tcpingress","namespaced":true,"group":"configuration.konghq.com","version":"v1beta1","kind":"TCPIngress","verbs":["get","patch","update"]},{"name":"udpingresses","singularName":"udpingress","namespaced":true,"group":"configuration.konghq.com","version":"v1beta1","kind":"UDPIngress","verbs":["delete","deletecollection","get","list","patch","create","update","watch"],"categories":["kong-ingress-controller","kong"]},{"name":"udpingresses/status","singularName":"udpingress","namespaced":true,"group":"configuration.konghq.com","version":"v1beta1","kind":"UDPIngress","verbs":["get","patch","update"]}]}
