{"version":1,"resource":"vscode-remote://13.203.167.46:8055/home/deb10/deb-common-apps/kubernetes-workshop-cicd/k8s-manifests/deploy.yaml","entries":[{"id":"1ZZ1.yaml","timestamp":1763620323145},{"id":"B6lX.yaml","timestamp":1763620527269},{"id":"TrMJ.yaml","source":"moved.source","sourceDescription":"~/deb-common-apps/kubernetes-workshop-cicd/.github/workflows/k8s-manifests/deploy.yaml","timestamp":1763620950310},{"id":"jGJR.yaml","source":"moved.source","sourceDescription":"~/deb-common-apps/kubernetes-workshop-cicd/k8s-manifests/deploy.yaml","timestamp":1763620966656},{"id":"zMW8.yaml","source":"moved.source","sourceDescription":"~/deb-common-apps/kubernetes-workshop-cicd/.github/workflows/k8s-manifests/deploy.yaml","timestamp":1763620981624},{"id":"8sip.yaml","timestamp":1763621050405}]}