{"kind":"APIResourceList","apiVersion":"v1","groupVersion":"configuration.konghq.com/v1","resources":[{"name":"kongclusterplugins","singularName":"kongclusterplugin","namespaced":false,"group":"configuration.konghq.com","version":"v1","kind":"KongClusterPlugin","verbs":["delete","deletecollection","get","list","patch","create","update","watch"],"shortNames":["kcp"],"categories":["kong-ingress-controller","kong"]},{"name":"kongclusterplugins/status","singularName":"kongclusterplugin","namespaced":false,"group":"configuration.konghq.com","version":"v1","kind":"KongClusterPlugin","verbs":["get","patch","update"]},{"name":"kongconsumers","singularName":"kongconsumer","namespaced":true,"group":"configuration.konghq.com","version":"v1","kind":"KongConsumer","verbs":["delete","deletecollection","get","list","patch","create","update","watch"],"shortNames":["kc"],"categories":["kong-ingress-controller","kong"]},{"name":"kongconsumers/status","singularName":"kongconsumer","namespaced":true,"group":"configuration.konghq.com","version":"v1","kind":"KongConsumer","verbs":["get","patch","update"]},{"name":"kongingresses","singularName":"kongingress","namespaced":true,"group":"configuration.konghq.com","version":"v1","kind":"KongIngress","verbs":["delete","deletecollection","get","list","patch","create","update","watch"],"shortNames":["ki"],"categories":["kong-ingress-controller"]},{"name":"kongingresses/status","singularName":"kongingress","namespaced":true,"group":"configuration.konghq.com","version":"v1","kind":"KongIngress","verbs":["get","patch","update"]},{"name":"kongplugins","singularName":"kongplugin","namespaced":true,"group":"configuration.konghq.com","version":"v1","kind":"KongPlugin","verbs":["delete","deletecollection","get","list","patch","create","update","watch"],"shortNames":["kp"],"categories":["kong-ingress-controller","kong"]},{"name":"kongplugins/status","singularName":"kongplugin","namespaced":true,"group":"configuration.konghq.com","version":"v1","kind":"KongPlugin","verbs":["get","patch","update"]}]}
