{"kind":"APIResourceList","apiVersion":"v1","groupVersion":"metrics.eks.amazonaws.com/v1","resources":[{"name":"etcd","singularName":"etcd","namespaced":false,"kind":"ETCD","verbs":[]},{"name":"etcd/metrics","singularName":"etcd","namespaced":false,"kind":"ETCD","verbs":["get"]},{"name":"kcm","singularName":"kcm","namespaced":false,"kind":"KCM","verbs":[]},{"name":"kcm/metrics","singularName":"kcm","namespaced":false,"kind":"KCM","verbs":["get"]},{"name":"ksh","singularName":"ksh","namespaced":false,"kind":"KSH","verbs":[]},{"name":"ksh/metrics","singularName":"ksh","namespaced":false,"kind":"KSH","verbs":["get"]}]}
