{"kind":"APIResourceList","apiVersion":"v1","groupVersion":"storage.k8s.io/v1","resources":[{"name":"csidrivers","singularName":"csidriver","namespaced":false,"kind":"CSIDriver","verbs":["create","delete","deletecollection","get","list","patch","update","watch"]},{"name":"csinodes","singularName":"csinode","namespaced":false,"kind":"CSINode","verbs":["create","delete","deletecollection","get","list","patch","update","watch"]},{"name":"csistoragecapacities","singularName":"csistoragecapacity","namespaced":true,"kind":"CSIStorageCapacity","verbs":["create","delete","deletecollection","get","list","patch","update","watch"]},{"name":"storageclasses","singularName":"storageclass","namespaced":false,"kind":"StorageClass","verbs":["create","delete","deletecollection","get","list","patch","update","watch"],"shortNames":["sc"]},{"name":"volumeattachments","singularName":"volumeattachment","namespaced":false,"kind":"VolumeAttachment","verbs":["create","delete","deletecollection","get","list","patch","update","watch"]},{"name":"volumeattachments/status","singularName":"volumeattachment","namespaced":false,"kind":"VolumeAttachment","verbs":["get","patch","update"]},{"name":"volumeattributesclasses","singularName":"volumeattributesclass","namespaced":false,"kind":"VolumeAttributesClass","verbs":["create","delete","deletecollection","get","list","patch","update","watch"],"shortNames":["vac"]}]}
