{"kind":"APIGroupList","apiVersion":"v1","groups":[{"name":"","versions":[{"groupVersion":"v1","version":"v1"}],"preferredVersion":{"groupVersion":"v1","version":"v1"}},{"name":"apiregistration.k8s.io","versions":[{"groupVersion":"apiregistration.k8s.io/v1","version":"v1"}],"preferredVersion":{"groupVersion":"apiregistration.k8s.io/v1","version":"v1"}},{"name":"apps","versions":[{"groupVersion":"apps/v1","version":"v1"}],"preferredVersion":{"groupVersion":"apps/v1","version":"v1"}},{"name":"events.k8s.io","versions":[{"groupVersion":"events.k8s.io/v1","version":"v1"}],"preferredVersion":{"groupVersion":"events.k8s.io/v1","version":"v1"}},{"name":"authentication.k8s.io","versions":[{"groupVersion":"authentication.k8s.io/v1","version":"v1"}],"preferredVersion":{"groupVersion":"authentication.k8s.io/v1","version":"v1"}},{"name":"authorization.k8s.io","versions":[{"groupVersion":"authorization.k8s.io/v1","version":"v1"}],"preferredVersion":{"groupVersion":"authorization.k8s.io/v1","version":"v1"}},{"name":"autoscaling","versions":[{"groupVersion":"autoscaling/v2","version":"v2"},{"groupVersion":"autoscaling/v1","version":"v1"}],"preferredVersion":{"groupVersion":"autoscaling/v2","version":"v2"}},{"name":"batch","versions":[{"groupVersion":"batch/v1","version":"v1"}],"preferredVersion":{"groupVersion":"batch/v1","version":"v1"}},{"name":"certificates.k8s.io","versions":[{"groupVersion":"certificates.k8s.io/v1","version":"v1"}],"preferredVersion":{"groupVersion":"certificates.k8s.io/v1","version":"v1"}},{"name":"networking.k8s.io","versions":[{"groupVersion":"networking.k8s.io/v1","version":"v1"}],"preferredVersion":{"groupVersion":"networking.k8s.io/v1","version":"v1"}},{"name":"policy","versions":[{"groupVersion":"policy/v1","version":"v1"}],"preferredVersion":{"groupVersion":"policy/v1","version":"v1"}},{"name":"rbac.authorization.k8s.io","versions":[{"groupVersion":"rbac.authorization.k8s.io/v1","version":"v1"}],"preferredVersion":{"groupVersion":"rbac.authorization.k8s.io/v1","version":"v1"}},{"name":"storage.k8s.io","versions":[{"groupVersion":"storage.k8s.io/v1","version":"v1"},{"groupVersion":"storage.k8s.io/v1beta1","version":"v1beta1"}],"preferredVersion":{"groupVersion":"storage.k8s.io/v1","version":"v1"}},{"name":"admissionregistration.k8s.io","versions":[{"groupVersion":"admissionregistration.k8s.io/v1","version":"v1"}],"preferredVersion":{"groupVersion":"admissionregistration.k8s.io/v1","version":"v1"}},{"name":"apiextensions.k8s.io","versions":[{"groupVersion":"apiextensions.k8s.io/v1","version":"v1"}],"preferredVersion":{"groupVersion":"apiextensions.k8s.io/v1","version":"v1"}},{"name":"scheduling.k8s.io","versions":[{"groupVersion":"scheduling.k8s.io/v1","version":"v1"}],"preferredVersion":{"groupVersion":"scheduling.k8s.io/v1","version":"v1"}},{"name":"coordination.k8s.io","versions":[{"groupVersion":"coordination.k8s.io/v1","version":"v1"}],"preferredVersion":{"groupVersion":"coordination.k8s.io/v1","version":"v1"}},{"name":"node.k8s.io","versions":[{"groupVersion":"node.k8s.io/v1","version":"v1"}],"preferredVersion":{"groupVersion":"node.k8s.io/v1","version":"v1"}},{"name":"discovery.k8s.io","versions":[{"groupVersion":"discovery.k8s.io/v1","version":"v1"}],"preferredVersion":{"groupVersion":"discovery.k8s.io/v1","version":"v1"}},{"name":"resource.k8s.io","versions":[{"groupVersion":"resource.k8s.io/v1","version":"v1"},{"groupVersion":"resource.k8s.io/v1beta1","version":"v1beta1"}],"preferredVersion":{"groupVersion":"resource.k8s.io/v1","version":"v1"}},{"name":"flowcontrol.apiserver.k8s.io","versions":[{"groupVersion":"flowcontrol.apiserver.k8s.io/v1","version":"v1"}],"preferredVersion":{"groupVersion":"flowcontrol.apiserver.k8s.io/v1","version":"v1"}},{"name":"metrics.eks.amazonaws.com","versions":[{"groupVersion":"metrics.eks.amazonaws.com/v1","version":"v1"}],"preferredVersion":{"groupVersion":"metrics.eks.amazonaws.com/v1","version":"v1"}},{"name":"configuration.konghq.com","versions":[{"groupVersion":"configuration.konghq.com/v1","version":"v1"},{"groupVersion":"configuration.konghq.com/v1beta1","version":"v1beta1"},{"groupVersion":"configuration.konghq.com/v1alpha1","version":"v1alpha1"}],"preferredVersion":{"groupVersion":"configuration.konghq.com/v1","version":"v1"}},{"name":"crd.k8s.amazonaws.com","versions":[{"groupVersion":"crd.k8s.amazonaws.com/v1alpha1","version":"v1alpha1"}],"preferredVersion":{"groupVersion":"crd.k8s.amazonaws.com/v1alpha1","version":"v1alpha1"}},{"name":"networking.k8s.aws","versions":[{"groupVersion":"networking.k8s.aws/v1alpha1","version":"v1alpha1"}],"preferredVersion":{"groupVersion":"networking.k8s.aws/v1alpha1","version":"v1alpha1"}},{"name":"vpcresources.k8s.aws","versions":[{"groupVersion":"vpcresources.k8s.aws/v1beta1","version":"v1beta1"},{"groupVersion":"vpcresources.k8s.aws/v1alpha1","version":"v1alpha1"}],"preferredVersion":{"groupVersion":"vpcresources.k8s.aws/v1beta1","version":"v1beta1"}},{"name":"metrics.k8s.io","versions":[{"groupVersion":"metrics.k8s.io/v1beta1","version":"v1beta1"}],"preferredVersion":{"groupVersion":"metrics.k8s.io/v1beta1","version":"v1beta1"}}]}
