{"kind":"APIResourceList","apiVersion":"v1","groupVersion":"resource.k8s.io/v1","resources":[{"name":"deviceclasses","singularName":"deviceclass","namespaced":false,"kind":"DeviceClass","verbs":["create","delete","deletecollection","get","list","patch","update","watch"]},{"name":"resourceclaims","singularName":"resourceclaim","namespaced":true,"kind":"ResourceClaim","verbs":["create","delete","deletecollection","get","list","patch","update","watch"]},{"name":"resourceclaims/status","singularName":"resourceclaim","namespaced":true,"kind":"ResourceClaim","verbs":["get","patch","update"]},{"name":"resourceclaimtemplates","singularName":"resourceclaimtemplate","namespaced":true,"kind":"ResourceClaimTemplate","verbs":["create","delete","deletecollection","get","list","patch","update","watch"]},{"name":"resourceslices","singularName":"resourceslice","namespaced":false,"kind":"ResourceSlice","verbs":["create","delete","deletecollection","get","list","patch","update","watch"]}]}
