{"version":1,"resource":"vscode-remote://13.203.167.46:8055/home/deb10/deb-common-apps/k8s-yamls/1-debasnan-pod.yaml","entries":[{"id":"oxaQ.yaml","timestamp":1763375792126},{"id":"1SnI.yaml","timestamp":1763375838116},{"id":"GMrU.yaml","timestamp":1763375857585},{"id":"5j72.yaml","timestamp":1763375871285},{"id":"8bJH.yaml","timestamp":1763375941605},{"id":"XrZw.yaml","timestamp":1763376002365},{"id":"bUxN.yaml","timestamp":1763376033505},{"id":"8l5O.yaml","timestamp":1763376061265},{"id":"i0Pz.yaml","timestamp":1763376107705},{"id":"HiwO.yaml","timestamp":1763376129835},{"id":"hw0F.yaml","timestamp":1763376143734},{"id":"qC96.yaml","timestamp":1763376200744},{"id":"z0tm.yaml","timestamp":1763378675985},{"id":"EZgT.yaml","timestamp":1763379241023},{"id":"8n1o.yaml","timestamp":1763445206263},{"id":"ukUy.yaml","timestamp":1763445288313},{"id":"SU1a.yaml","source":"undoRedo.source","timestamp":1763445338264},{"id":"IUx3.yaml","timestamp":1763445351384}]}