{"version":1,"resource":"vscode-remote://13.203.167.46:8055/home/deb10/deb-common-apps/debu-assignment/debasnan-splunk.yaml","entries":[{"id":"Z20F.yaml","timestamp":1763459233374},{"id":"w4B3.yaml","timestamp":1763459262994},{"id":"R6tP.yaml","source":"undoRedo.source","timestamp":1763459521596},{"id":"4LGd.yaml","timestamp":1763459535546},{"id":"JBkQ.yaml","timestamp":1763459555746},{"id":"9bEw.yaml","timestamp":1763459573156},{"id":"DYpN.yaml","timestamp":1763459650187},{"id":"dXNF.yaml","timestamp":1763547539043},{"id":"UcWl.yaml","timestamp":1763547559383},{"id":"jtAT.yaml","timestamp":1763547575203},{"id":"dgK5.yaml","timestamp":1763547630523},{"id":"9Tz3.yaml","source":"undoRedo.source","timestamp":1763547635663},{"id":"7KPo.yaml","timestamp":1763547709002},{"id":"EIew.yaml","source":"undoRedo.source","timestamp":1763547804762},{"id":"8498.yaml","timestamp":1763547828031},{"id":"Z2Hj.yaml","timestamp":1763547898291}]}